PC_1,PC_2,PC_3,PC_4,PC_5,PC_6,PC_7,PC_8,PC_9,PC_10,PC_11,PC_12,PC_13,target
-1.0724899544350375,0.2583943380495583,1.0371815985646342,-0.11977434498683177,0.953288814311802,-0.1680468729489949,-0.15111426462344452,0.5205534135195274,-1.0320087316278517,-0.042050535510674156,-0.23287324954516422,0.5865561065678528,0.10140349636788173,0
-2.804616310070796,0.5368019135289659,0.0037667484864476117,-0.6173664051125844,-0.9796909425228275,-0.0903225826955395,-0.2590993956486383,0.35868721436266304,-0.16147562057480935,0.11280529500382783,-0.1616230177293995,0.40811469288784696,0.4130587314516829,1
-1.9571120423563013,-1.2081156515954212,-0.4288665406135026,0.05620420203788076,0.8464732211535625,0.87496395799741,-0.06609706511744695,0.30429892347126575,0.24185692502087974,0.12450629282632844,-0.38604898066026994,0.13041092153740674,-0.3737021021330882,1
1.1356601243653552,-0.2511085780203567,1.4069519708333462,2.6912482440463847,1.0829378133154317,-0.8938508904705982,0.21057953559596887,-0.24845636952956512,-0.39023921109076753,-0.4003143908648479,0.14362676244445532,0.16967675638166252,0.38311760900250225,0
1.5912573863857375,-0.27359845658485016,0.9841215029325304,0.7359716057126439,0.1299316422788379,-0.368240460579581,-0.8273014423801303,0.4897603635887702,-0.3933499992133978,0.43347976369680274,0.37610674431715985,-0.3910690150647319,-0.5825314320216322,0
1.2591108426513702,0.2730022669201018,-0.014335461237574405,-0.08920412013821777,1.0571170102785536,0.3175364531600996,-0.1873644831956005,-0.480333782834066,-0.47625311697272454,0.6394730346497243,0.20245265201831955,0.27049904437816186,0.05073802801285582,0
-1.5279438987191283,0.40866850204986094,0.7313939207110017,1.1962873026835545,1.5154791241061212,0.12422262240401094,-1.2114888629750817,0.24581018501751528,-0.45198014107254025,-0.4775224865764457,-0.04619278350431702,-0.373726051679549,-0.022450920271543884,1
0.10666919191650409,1.3959214911652398,-1.6650020993649501,0.7924373154496097,0.05003212227593046,0.3828299568644489,-0.6770904330086609,-0.6809467098927238,0.09843308343009144,-0.72920490346446,0.2548846883784181,0.2916184618058818,-0.08920456805380028,0
-0.9666790537620862,-0.05977133349684291,-0.3488702492516704,-0.18171397231896247,0.35424663147358687,0.7873611934510683,0.4688089822172351,0.4417057621865891,0.28850522081008,0.3102640617471978,0.3689942732144462,-0.5760849147391405,0.42084020760486646,1
-0.8992118595929635,-0.8588204362262373,1.4921025322496402,1.051672270151645,0.45299166028149057,0.7383994112411578,0.10482397352639172,0.3067086675475571,-0.614868746534409,-0.61093465103049,-0.12552809487420166,0.1610740245499126,-0.6679140925595692,1
0.07881285236406038,-0.4450653582748285,0.6760229270497843,-1.021649785994914,-0.2921020554508784,0.3005109475740415,-0.4330125750137398,-0.22964967149823257,0.42562303479868924,0.2660749446864339,-0.15498937757746667,0.3652344489435154,0.9704332890115347,0
-0.33092962957678196,1.0562218341955778,-0.1542952493980428,0.33404676121700005,0.06635549176313649,-0.5538593992256247,-0.666514491142464,0.42554495093282363,0.10163910646930724,0.9915803997169162,0.2854998167142582,-0.11927152915267236,-0.32761644612181035,0
-0.21022637729864296,0.028007165813920737,-0.40903902471862447,-0.4420597215931954,-0.22692056048220915,-0.43046775039664786,0.8016774313091924,0.9099990175487921,0.22150372702955085,-0.24905598941671014,0.4691340520063477,1.216684843123224,-0.10209319322613516,1
1.9219280192241401,0.3377165762902946,-0.31064303764206996,0.5202401498248688,-0.21347272040768356,0.3419032068856248,0.4131925387662422,-0.6603842788207244,-0.4111000389923507,0.7331884813387484,-0.11998164330294236,-0.24608843355366522,-0.328372606506398,0
0.2716179808770429,0.8913604612628827,2.3603658546593813,-0.7590784456384585,-0.5550690016148869,-0.31286924926972226,0.9870380637597956,-0.4785712349390353,0.026516650609595488,-0.27602221506084773,-0.5483779444019045,0.022296170913273294,-0.21300332084319357,0
0.48226889203040957,0.015349685817598296,2.0499666450453278,-0.5678067807227574,1.0224203084623933,-0.3206361022573214,0.24120643430130428,-0.26905933364011236,0.036667058768227706,-0.29101454019982775,0.013062624087396113,0.1356010543957078,0.40863734812528313,0
1.459204838103352,-0.6002032327813336,-0.18097078989019266,0.581503828388132,0.6679297175189982,0.29918196714002354,0.27836006260343804,-0.6381879817846134,-0.7263561984656463,0.6153003883207717,-0.06776094410043673,-0.3035065995889667,-0.47200957054852,1
0.18265863308364994,0.23004372763585787,0.6086570521096324,0.08840731825855094,0.06419013203211524,0.32593122047654277,-0.3722923736454453,-0.49798523101545705,-0.2732905354071361,-0.2217948927648458,-0.07253055074215295,-0.0027325061357438285,0.7445996842430439,0
0.7194281549962627,0.4018025964925161,-0.5449733475392476,-0.10636299615242686,-0.5520556020696433,-1.3136677108354553,-0.10257338069044375,-0.4123187887843647,-0.07973828135557856,-0.48825963728000654,-0.2111015360946812,-0.23861850663167528,-0.05545774368946396,0
1.275355256039427,0.6657074283089689,0.05919041128699556,0.35904566307920793,0.130113408424208,-0.03160864242593908,-0.1331403636800217,-0.5232764016285082,-0.5883646422687592,0.6559187177503526,0.1601220856069458,0.24786157444964302,0.1048537367643575,0
-0.5386869488766084,-1.1496233856947837,-0.5708225204452452,-0.3509843190095251,1.1466625715704364,0.2546013749209687,-0.11271048568042091,0.6776119452557924,0.1479303483248603,0.2829835109868266,0.1605976989764109,0.6360162918286164,-0.1971386180025505,0
-0.2193305652465808,1.5798621802635606,0.48546026876725273,-0.059733208933646614,0.16621044075815128,-0.2852693809588423,-0.44674376030289653,0.41328635766302324,-0.2677155500069539,-0.18875422172247497,-0.13003854266005813,0.06189513392719265,-0.4010239933650015,0
-0.08533888448674942,0.3161805590191056,-0.6172155780454778,0.6266355348673034,0.9264718607937691,-0.04837097100093002,-0.1823295763535679,0.5294340547833521,-0.19607027012308265,1.1920476452883455,0.14585037009434867,0.28428931996818485,0.06444337761210954,1
-0.39446335225870743,-0.1436828061846561,1.1149275501755342,0.9750620722060354,1.8596208105621699,0.0986395866777614,0.553803647943249,0.38190361221765523,-0.1311248195287539,-0.12515064352033703,-0.47809017317189995,-0.3108641859552786,-0.2556803885484994,1
-1.5069215087908499,-1.2935908748781533,0.32819183888792647,0.1477181495558947,0.25708592045603,0.7729893768702651,-0.0796009198007438,0.3491777179910164,0.30254713836446046,0.10853544370844334,-0.3557408478345023,0.0824867325214802,-0.3745942188441709,1
0.7143672108552098,-0.6227593993754869,0.11143000705189954,0.32727363815122834,0.735635632890763,-1.0554031363251486,-0.22294867490844805,-0.11779234479837408,0.8352112421991729,-0.035135616730817415,0.021704332372736487,-0.04420699307913947,-0.005106333662406044,0
0.9102089151356474,1.813905616727686,-1.4565102226305928,0.1457063181257323,0.6883247084743733,-0.568550251150036,0.006453872686575379,-0.472294334926867,0.2204483563732994,-0.49600097232540796,-0.11595342621912871,-0.02425805885819382,0.040898833970096124,0
-2.114088585169532,-0.28321591817439395,0.7690930475139803,-0.6292311709736578,0.5194585163958055,-1.1552562438523415,-0.7379551640642694,-0.6518415518119595,-0.8121535458980297,-0.15022967242858393,0.08907967276345582,-0.38669266117892553,-0.10455512844077805,0
0.7121793635486747,0.45292842871977357,1.3235239895085016,1.0402915590556154,-0.4953849961075387,0.14785904022958607,-0.36853281785207936,-0.46790691517346944,-0.21673538060342518,-0.22777163075712045,0.02464521903241324,-0.011325408313509477,0.7947592429275724,0
-0.045024020646267204,-3.0536763835064256,-0.03304630771723844,0.7365120614221764,-1.006683956684874,0.05917977102857275,0.021920698613598577,0.5619781154812019,0.05452574621164022,0.058578539555278974,-0.2327974347638818,-0.21726371080228224,-0.38840885112815576,1
-1.0142101078048058,0.55051145080688,0.3899704627511109,-0.7178182336745424,1.33999046588725,-0.18233087025995565,-0.7993018112651583,-0.6235749116494933,-0.09014384251235064,-0.0810681183745988,-0.1162959413651051,-0.06345727399642048,-0.1646836743965579,0
-0.11892957769082019,-0.5345456924252941,-0.21664147511038728,0.07927691614123555,0.812633697499033,1.2922208082093605,0.11890949579063348,-0.6500564536666877,-0.03108809681253391,-0.5457426690518393,-0.5508503441465188,0.603890405377526,-0.6490351337653463,1
-0.09236587227975546,2.0735817968229937,-0.8170077810054505,-0.4926110621136942,0.3073954533965639,-0.4352157139666184,0.5441850617925,-0.5212481434046106,-0.21965587511127196,-0.2384441842561902,-0.2996706764866883,0.3051383935620847,0.5527379035087412,1
0.047916876898475486,0.15191607393237772,0.18326683399516952,-0.42826213411042413,0.0631969541938257,0.8561170688541548,0.21307614771996153,-0.5104681285430248,0.6846039937068927,0.34549213575616033,-0.3290416548746615,-0.2810407074553176,0.44822027508712503,0
1.7916203921927132,0.21384426371392215,0.535414799354723,0.4252235802945986,-0.050086316270501696,-0.16015094092208454,0.43473010492580844,-0.26082237094638216,0.1447099095406833,-0.6355549054206145,0.1427164965912165,0.6997934279234214,-0.05447103029983108,0
1.8050044597802666,0.3709213809348838,0.8946097132543984,0.2625177252504679,-0.7074638688029408,0.5025010032559707,-0.3183988322931357,-0.3909533378830146,-0.02416716067832425,-0.28547243872378325,-0.08672054161036186,0.0007818305551759441,0.7206322282309897,0
-0.5056392026111173,-2.5927331062572914,0.3990505463808875,0.9037923593149718,-0.7579068800753452,0.1063259208090358,0.018061486734382126,0.5159967780967717,0.08855772204354251,0.08035539241317402,-0.13771433741472527,-0.1886282572549549,-0.32314545059018934,1
-1.5842765117696558,0.11419925113125046,-0.32998794030207446,-0.5743639012040811,-1.6394056355723017,-0.050646195948913064,0.0014444591502003057,0.5608175275829116,-0.11759138349494765,-0.03095483247671177,0.6771328881897575,0.5527089067003914,0.5859750963364724,1
-1.2596252344034593,0.6254519509951066,-1.4276068053060331,0.9491556462867646,-0.9657985188157616,0.3245628894246855,0.6897018231017079,-0.6459246117585857,0.26053792770360307,0.03198905607988742,0.5825479879101397,0.12918415202176603,0.2262052172135131,1
-0.941117177129112,0.3449840638446581,0.5440423516852052,-0.7653010419052996,-0.19829345646076219,-0.681031643814067,0.5551123556119172,-0.21611214091929876,0.40771436972250275,-0.1723360364562155,-0.17548089029560132,1.2243083313811778,-0.20314391586257274,0
-1.9110832597053429,-0.15497761961689213,0.2378361339976049,-1.1810392307834081,-0.6276796182021402,-0.05456828652759227,-0.3836377906323252,0.2765882225226538,0.35635427401928743,0.2553705301310313,-0.5094997949477701,-1.001089809891516,-0.0914562650116088,1
1.3470578252309406,-0.40187051904702553,1.6040282478586563,1.0016306507543844,-0.30969174202473915,0.4264409458131351,0.4455932235041261,-0.5284717871625167,0.03745544145015128,-0.14846504869918736,0.18706014373664767,0.10941076212401002,-0.44023801960355163,0
-0.8326479174958994,2.5000973312417614,0.28312305067398474,-1.0776143612483235,0.5790939404400784,0.023376246419625768,-0.7458040493299404,-0.845500301488154,-0.2241353655237861,0.5137711003298683,0.05168971564311972,0.09330858291264021,-0.34630088062562747,0
-0.2113782353165361,0.3476879333648054,1.390314336120503,-0.524206475092848,0.6944934408703124,-0.6222869697237315,0.4038201211159632,-0.2928017344365139,-0.25192503536697586,-0.3642071711323396,-0.3257201190986133,0.5487715761112152,0.12523885054026274,0
0.2332535160249442,1.8947065650410941,-1.1289619153835653,-0.03226819790333389,0.2002431706207023,0.529977418367799,-0.7483380782234587,0.28347828939787056,-0.01090810789792146,-0.42020284650811324,-0.07587471442883079,-0.3824697089024802,0.21682159632167197,1
-0.08355066793132648,-0.7511220554602906,-0.17002117483945628,0.6438857994046677,1.654916872732361,-0.021204141587631065,1.0884765843309872,0.714264624357894,0.4796047573025558,0.2337864397623514,0.43825368379488283,-0.38631869958153214,0.05063043807995138,1
0.7850566700626072,-1.81101683570328,-0.37533357885570734,-0.9477595516147201,0.09537131701152932,-1.0052744455131368,0.25486810820851014,-0.2235706912042998,-0.49243123467434113,-0.30269070042325985,-0.4322457111155563,0.005008496001049134,0.1941810594445455,0
-1.4338517892925993,-0.5584871747675483,0.9297441739759381,0.9077843412883059,-0.7427869108639342,-0.1005939882204624,0.07472082490633347,0.35663345873087515,0.014168995586921557,0.44590458422597434,-0.3329300408509128,-0.6002100733796341,0.33599209196785546,1
-0.9626998481174998,3.110889295454418,-1.6325487488391652,0.4454099294429369,0.4291364234845064,-0.7736321690930019,0.4723864489093369,0.3966644853441684,-0.2806910633023135,-0.5919625176269931,0.37227839020809017,0.13949833043867793,-0.14584584296403252,0
0.49328825956946815,-0.47892627404310073,0.752947684252374,-0.3276226266749671,0.5770650508301165,-0.575883748151881,0.3342699099106824,0.7181019170009412,-0.6866121962270992,-0.508624434669202,-0.485035813049567,0.3191436062072144,-0.21273699020215864,0
2.5876802793327425,-0.8773445411614242,-0.3994512659041877,-0.05483623191873517,0.0983167498454704,-0.2327184839462909,-0.43261281014123604,-0.29915233354447845,-0.22107808597630044,0.27231997609461844,0.9892791299454782,-0.32551446505594184,-0.42912732020423655,0
-0.06989481544796639,-1.0455977658767928,-0.1343334907232328,-1.5121244953459392,0.5253237273546243,0.8856430342045474,0.09161698182055067,-0.6353711203713488,-0.19268780903485386,-0.1402536564943069,-0.47055534436759383,-0.5571448382017173,0.19012861330642034,0
1.2715455483610079,0.040926300676438876,-1.3351311042611442,0.5677008499105055,-0.7156498279975763,0.35128139062255626,0.025787608593753508,0.5551897926684325,-0.5564803893111696,-0.3342936816322879,0.4004263425495538,-0.26473447909641923,0.6404438511738242,1
2.294027769269146,0.47250430344248984,0.6992076444339245,0.15148567353982148,0.028890353268701874,0.41512695025677326,-0.1864295902393311,0.5294533061500272,-0.47523746703494024,0.6167900788232196,0.15808120177479099,0.06358573226267189,-0.10096062623767463,0
-0.7691016284205225,-0.258541540699605,-0.2789895716500242,-0.027637463254315278,0.04751701694694549,0.8418568126334742,0.5163498987807479,-0.691200247200361,-0.2285001685607123,-0.4880620024549408,0.6811218857027789,-0.1080973100584719,0.0025130561241237803,1
-1.717151551386207,-1.2662841493760848,-0.8634714752959674,0.6287336536757061,-0.7637623570856646,0.11387565158959023,0.4716151349877261,0.3938814281622819,-0.09931524836834504,0.0472526001507991,0.5202325374656164,-0.20585436027255288,-0.08189871649802571,1
0.6477282281103388,0.19168868034030181,0.5985855320006581,-0.0733175154553308,-0.14298298219445227,-0.27912150596761015,1.2429347871860577,-0.2506273627469371,0.7364081756912679,0.19847249628034605,0.38470793625022337,-0.2598660934635793,0.2700647732509445,1
1.9771994627687046,-1.4953613622749033,0.056412506182128834,-0.015648871547871646,-0.5136409975027251,0.8477013304257301,0.07408552185971273,0.47253427444390483,-0.20884375059664426,-0.19240909286088087,-0.5031305253352508,-0.7568824397099598,-0.015629132430945936,1
0.49694286627841144,0.44063034187542693,-0.5644134041289153,-0.10530712507155172,0.2617450025819851,-0.5151570344523616,0.6789859086739981,0.6295016673924129,-0.6952161301048487,-0.47645195500042725,0.4074290787758571,-0.11661059695714993,0.29774989878711094,0
-0.24581113740013139,-1.1981601991119395,-0.10329123358383004,-0.1637745677586033,-0.4135826400954282,-0.28246976226465587,0.19597852266949634,0.5658331981251138,-0.8185740600094762,-0.27447511185478046,0.8077256577437985,0.21892141558652606,-0.17887958469323612,0
-0.5381761780997137,0.21427518874799034,-0.7898741884693422,0.9303414001357727,-0.7778616664700182,0.13151250694929228,-0.2248144044158481,-0.6595186552825735,0.7688574151108306,-0.13048729288840438,0.05502837131989219,-0.1595664175526017,-0.41098181331587585,1
0.7345526497667783,-0.49613474220460496,1.5681663022395769,0.130072921483157,0.015074050502311837,-0.7033566619427056,-0.2859148647814622,0.6193619667772198,-0.08864837020730057,-0.9313438018595792,0.3097732126723052,0.008127156137489322,-0.7790942713246632,0
-1.3230585526628549,-1.2534099383425854,0.09774666744535764,0.24630362577330242,-0.00981492021992586,0.5735093249522105,0.11761203185964642,0.4107242528292053,0.19818905977602153,0.14089099636192406,-0.25524027815731243,-0.09607521308492573,-0.14464439086978936,1
0.9318055757906508,1.6832693305624258,-0.3792631381737939,-0.07662793052794148,0.1870780365366674,-0.7092897783139895,0.07588221352117608,-0.3728904263387549,0.18528195704654726,-0.6110931275340867,-0.30970675044751417,0.31598578007835176,-0.2796334088314616,0
-0.7076998024782502,-2.0473132304089874,-0.2919918380787371,-0.5305675673322049,-0.44987341021568483,0.025923369175006927,0.3843060570711242,-0.38882784557831385,0.1290021626929233,0.279827965459698,0.2539340549213813,-0.6016876212305853,0.40337826187103837,1
-2.0190757176002068,0.14000984923535492,0.33894571972984877,1.0292899709575785,0.09375316580852999,0.6994068738408248,0.016401806332989266,0.22069175177917877,0.2952144304936488,0.1528274046517196,-0.26726468976426654,0.17788523106191234,-0.20784664495164004,1
-0.7988839347327084,-0.6848936849290934,1.4402696636824897,0.08038098339105074,1.3745168612284324,-0.6348737222678433,0.17490248353191007,0.7995894917377312,0.3126603950843928,0.24941369899477475,-0.025579263187805304,0.12359288793681217,0.35291962545078415,1
0.0002523329597048374,0.5738970292799409,1.3304694106743118,0.22885231053392366,0.3750436934615674,-0.16437168917092038,0.8192293775844456,0.3842489765470657,-0.164110914339,-0.13333504806733373,-0.32530490467784057,-0.49714512972757213,-0.061016374140431984,0
-2.707281106441588,1.255907617210711,1.1212861458589796,1.6099465346830888,-0.34296860015880104,0.2731203055170869,0.1611366203333514,-0.05960961409883869,-0.8434392854501656,-0.3897961647817725,0.08830321851967626,-0.17108778596966023,-0.09289690644944609,1
-0.7250010855847125,-0.5446136359793979,1.656961591995587,1.4716316212094902,0.30658519457848726,-1.4322421282879438,0.2337391665833798,-0.17509858258392896,0.241130295428453,0.26457819986562936,0.03844507233701695,0.25605924969641614,0.5819313537704872,1
-0.7146054990784342,1.4535356217809596,0.46896292934194883,-0.9430674033589904,0.3542739250699455,-0.9368375819546565,-0.11920991775846795,-0.534038979669144,0.05908658479558776,-0.4419905739596114,-0.040887744049041067,-0.17927754715701363,0.06343804773949963,0
-0.21293120671464943,0.4780763448749753,-0.5527320635806204,-0.8374990999400909,0.7207579199672058,1.2704661418284369,0.20400422411362273,-0.5164788080845506,0.7109828072140609,0.23377422435073011,-0.9013719658783331,0.3461804413339469,-0.031061097384051883,1
-2.0989730695099373,-1.277653534878759,-1.285467148696278,-0.07637264220383533,-0.41599260474966493,0.1647151478635025,0.04443431301761247,-0.7017043976772485,0.06863097338847629,0.13179335616006052,-0.5687845631793443,0.23685704802176066,-0.2249815809173807,1
0.12136133364660484,-0.047994267582996936,-1.0232727611423664,-0.6165872320941961,1.099310282224302,1.017426335319434,-0.6007586078012009,0.4568379489208454,-0.39709518945076666,-0.1941439109340036,-0.5472871705384311,0.2979784933002875,0.5371457387375234,1
2.215190012109894,-0.7383588465343988,-0.13715935127629353,0.021030371903395212,0.05008790601370089,0.8993608728883398,-0.09161456536013535,0.723940639682776,-0.18747772519279124,-0.3997183448227244,0.554497523001094,-0.2878819015566207,0.544752288063912,1
-1.1726068949646395,2.839469260917629,-0.27098146437584214,-0.11720509718861725,0.03483250585885894,-0.9142893460648602,-0.01952087017405202,0.2694003881619287,-0.17244707711587853,-0.3855615542400824,-0.10620570740967453,-0.2503249914695129,0.046779342373513694,0
-1.5652521476329067,-0.7615127611476793,-0.31353038045593284,0.8344203819998889,0.4668529238425765,0.7138469912379641,0.44353145514654446,0.41954578962633493,0.22501619375728898,0.032009743202186386,0.7380077531797843,-0.09934709513514406,-0.03468618907313392,1
-0.3454012479459263,0.9437119930995378,-0.29564758607780134,0.6081855594940747,-0.181829053115157,-1.2659547937827926,0.1663166944839306,0.5130217319763136,-0.3322514856581244,-0.5139883078802845,0.6372717955661379,-0.486809226315588,0.011405307027024608,0
1.5516496399914643,0.587957616784604,0.23876736025543926,0.2002923814913732,0.017840552703891233,0.2547586360073343,-0.13357937459989783,0.6434858042203621,0.15086191120292342,1.1194323995770272,0.14515943474099952,0.2678450164584655,0.04226222374448023,0
-1.621896176714426,0.1075983616354133,-0.09968197004038164,-0.42630417819757827,-1.4586756374529648,0.3073632206969803,0.2269249332235973,0.05953310512413146,-0.6740716985936531,-0.33285262442583186,-0.3046297344710118,-0.2664302439970715,-0.22824870686311788,1
0.10087209531485297,-2.148305978539727,-0.1731783499144106,1.5888630437924713,0.46013211493475253,0.23561162147235193,-0.4900733701061318,0.7383703500546769,0.1632366220799505,-0.04692172227282729,0.20092317140162147,0.43676658333542695,0.08581755718818074,0
0.040577153222685985,0.20696344999004299,-0.5736421710487354,-0.13024255446286295,-0.5847355259617137,-0.0908708667676199,-0.841983130600167,0.5510424776413517,0.4911879047307718,0.051319557004452926,-0.12476302638202907,-0.374465036510923,0.21021097380329212,0
1.834795540288486,1.7735173098520376,0.054438400810758604,1.1978327577369337,-0.7116067796864445,-0.47923619897887193,0.5016436002105863,0.5857935594754703,-0.18364695673842765,-0.2838808707049073,-0.23912625330484302,0.09997066376519126,0.38224669610644124,0
-2.1556948538421485,1.8140999747319129,1.6069426587078717,-0.5083904395660354,-0.13437700372970512,-0.0826865758195614,1.08744964933069,0.39212833913520473,0.49789110188716135,0.0029972044814044474,-0.2579995558426076,0.6321442218608357,-0.5626631512183026,1
1.243874010122095,1.308459933786829,-1.1016700104798898,0.5496997318052338,0.24395610800315976,0.05760896729820775,-0.03665110454378406,-0.5897558305071039,-0.6248241629235005,0.6654810890763124,0.08020686081055697,0.3343149704684141,0.14385473135403054,0
1.846622861277947,0.7989307083290068,0.8530864276035052,0.12450025867388873,-0.23247468222862316,-0.2563187313795673,0.3848148590947613,0.6777508980239907,-0.07757413994449755,-0.31150059002604535,-0.20871300570130344,0.02203441867006084,0.276454483765711,0
1.0868561283772045,0.665453632655683,0.19453404611464553,-0.10405429918298224,-0.5512728695285903,-0.602473154014836,0.40350312118820486,0.6024798169639908,-0.34903275976403736,-0.2758649873693316,-0.34031929006547956,-0.014976514219385229,0.27142448610746517,0
0.17151034874596827,-0.5663190504018639,-0.43958303965576934,-1.230839011441872,-0.6594569806051813,-1.3192691543338924,-0.21146831780260772,0.5516660586568453,-0.3771381633059283,-0.4715126964567231,-0.37585014520722904,-0.5236320127138403,-0.3169344529318399,0
0.7113550916983133,0.5669496117457243,0.2407037839309621,-0.5201826969103038,-0.3876635250237215,0.3075823806209875,-0.8789907341331931,0.41895287050558094,-0.0011663219135588654,-0.4535235530831442,-0.060689049284902735,-0.5464821427453063,0.10309150003404557,0
0.6523761739521141,0.4190427894279688,-0.21600501673882627,-0.157501088402542,-0.049684001728833915,-0.9459496754734632,-0.1688257381643406,0.549489639503372,-0.11213471823427709,-0.47991292717112066,-0.17903808609713293,-0.39034678265996,-0.21335314783750484,0
-0.4784711210848085,0.7431459002864287,-1.4460898883794913,-0.4084899359217744,0.4315523696109187,0.6355411660085875,-0.2553565151064113,0.5178268104328404,0.2225310763548381,0.2841553662363808,-0.2931835877560346,0.11733536505803976,0.7057123584779799,0
-2.991367541377266,-1.2842430068632238,3.072297764225365,1.4927234799990763,1.8722202545042048,-0.18552681677468186,-0.7899828526963487,0.16847568102595312,-0.5892047425260074,-0.28832301301476587,0.12218299154672449,-1.2308497790429285,-0.22069846025133388,1
-0.7096241610746166,-0.3582582942076762,0.1579770161116653,-0.21202323517014499,0.9283324098431427,-0.42752189336840274,0.8630277520375268,-0.36748554235769526,0.49411902964246046,0.3733344418887786,-0.5330723282655417,-0.18361836341683335,0.19606674828638532,0
2.370761756560402,-1.5289882061337419,0.5351335730612355,-0.2602496056709575,0.8014398092103132,-0.6200129160785165,-0.2759617416719002,0.07773847839983283,1.152519303262275,-0.12491139348451044,0.02039444968241072,-0.08104244667807758,-0.14555817679914623,0
0.6237916069261012,1.330551692468443,-0.024208513336898115,-0.9820774728872377,0.8512569151907238,-0.23710669663491024,-0.13074724186352993,0.5246141004255461,0.21293397751667037,-0.4954049300919633,-0.08897122126232304,-0.2821426447677898,-0.1654736093469072,0
0.6649745721553997,0.1420679564822525,-0.36230788066830205,-0.07112849698712105,-0.574789115509278,1.1078399993666521,0.6006863924943561,-0.6187078521661805,0.016275239814560194,-0.5454277259603054,0.6348154326137335,-0.07442840563854358,-0.008732215201433524,1
-0.4829658230450776,-1.038421149006958,-1.0603413339802636,-0.009841462375507481,0.19794490144206506,1.002093176008458,0.4958423102672439,0.4976024017563391,0.35466961679913966,-0.025602750288062998,0.5748070223671601,-0.09863154688032316,-0.13254760390902787,1
-1.458275543478386,0.5241468086336627,0.8986650183793433,0.7078118244955256,0.5256918736282377,0.4307110018824609,-0.5840494756040182,0.24877612098070168,0.7227669259530227,0.21597304940473364,-0.3102507767138065,-0.6818508179961137,-0.2123054311673844,1
0.8705496200781333,-0.2647956397700497,0.6644553137222057,-0.5217644347873264,0.1844760009894867,-0.06668485812212432,0.08084266545720964,-0.40278725945866045,-0.6607135262809889,0.5605850854714662,0.9158042417979524,0.030869112837837664,0.14568906326156866,0
1.9179013830829783,0.19133786320343882,0.19617262962651988,0.09119454380720221,0.16917398452588656,1.0033726322894574,-0.3603411898945356,0.5794404256773283,-0.08206533553649781,-0.2885906410126066,-0.14180493340604694,-0.11366673000233929,0.515360650042246,0
2.0431737205247433,0.37750928656099225,-0.4456690352394903,0.6377513111090446,0.021807920224869548,0.8865024926856133,-0.31451910824090207,0.55688704302342,-0.15755404875506918,-0.2822308304239377,-0.18282856896892238,-0.08203570919798975,0.5342135010283212,0
2.817681662889422,-0.8610170503047803,0.6248520306388267,0.40686115039989645,-0.5123851720135668,0.06598319492080884,-0.12479695772448068,0.736144083438364,-0.3277842189955179,0.004783765541414298,-0.13954756398021037,-0.10326603879940877,0.11067981847809102,0
0.3323325188116508,1.195879856972484,-1.0532457411299336,-0.19229711570308447,-0.14805040908964023,0.36805353429481924,-0.47588959000016823,0.40455755356064194,-0.11526071862803536,-0.5214663051163343,0.6420622484764644,-0.5701121965091663,0.2777174879336876,0
-0.43386782862092543,0.26906452153978755,-1.8455524555165643,-1.7569839142723367,0.9741203301152884,-0.5972954944397549,0.27855674357339655,0.6153764536351943,-0.3194689209813533,-0.6657975218852682,0.1635433861528355,-0.05049546106366881,-0.48101156324524535,0
0.13513939906195915,-1.658536778320777,0.4059868904637499,0.30406728438733066,0.40580846757018846,-0.7649614429504755,0.7809029573929601,-0.23538030257582243,0.41010002453284056,0.3405136158046763,-0.5627104029793016,-0.29048741354310376,0.08541568700975705,1
1.015175737606092,0.5263685836671329,-1.6623476985237846,0.20700621611725226,0.181942945626423,0.28434375687926294,0.46214085309519237,-0.7657417715105681,-0.6258670012979582,0.7708664662100096,-0.2503406935470669,-0.20270185743965285,-0.3216416403392172,0
0.3801817607375302,-0.3024960726799444,0.8326826341908757,-1.2406699035057547,-0.19237267624982074,1.3612749938568103,0.5047146482116397,-0.5720488245341788,0.16086714112688894,-0.5586321533378036,0.7081363066356751,-0.13749016355574728,-0.05610212027489514,1
0.20244290636432657,-0.12453303783025607,-0.18050239902514914,-0.6661571245488574,0.16563534677596603,-0.09940568307229047,1.2071876876951548,0.669834181348066,0.48121790985545787,0.21981975802541656,0.22496069296512225,-0.43818590324222534,0.05882204215354592,1
-1.8109821377294246,-1.1243924416146993,-0.36366843845654406,1.1979375767062652,0.9485755245632754,0.5015004711608892,0.4273031799894763,-0.5176075694282846,0.30558404290763497,0.030140236791111302,0.8412590684718949,0.07458551463984997,0.113996770094763,1
0.7850981150790702,-1.5334375046182862,-0.07387847670362784,0.9209846549113329,-0.8968422856757325,0.04746975841319101,0.1290986211226105,-0.39105109185922127,0.35370220834485977,0.33337243516862025,-0.4180094945668904,-0.42363244208044715,0.3298105453970494,1
-1.2881421695561837,1.0865992941048224,-0.3986267161571674,0.21469943877718442,-0.5388817341099784,0.5304358437672567,-0.22578951913543743,0.19786098011859699,0.7181256821631931,-0.09411765896103613,0.04689270776436921,-0.291438398372827,-0.49519224067359463,1
-0.48814547491215066,-0.4350775507158612,-0.4669320790432473,0.03245736736564939,-0.19860127636495345,0.5414275564489224,0.10543912752159168,0.7305759125739003,0.16945967017921915,-0.23316917404060777,0.5926236560154458,0.79579650152066,-0.005684985590523023,1
1.9736563347022282,-0.22247970455713342,0.4159462214029974,-0.4648326297048401,0.7664210902129929,0.6768273145725701,-0.14496273803076815,0.9029009690754738,0.5927455807056393,0.520705703613516,-0.031395834894255056,0.4537449702703805,0.4630898573910259,0
-1.237310520361867,0.09647335963684674,-0.5603139219339625,2.6019721336958845,-0.8724577498568871,-0.30966583219734733,-0.19707416558402102,0.311775927675607,0.2984049330109516,-0.1754396793499164,-0.12327350436920215,0.05877489130642599,-0.8253269856085522,1
-1.6932502156538465,-0.5965231211439008,-1.0569910669604483,-0.8927109918950146,-0.35367216039391336,-1.4475766877703125,0.6817681419563678,-0.46760173134109395,0.3333330255208722,0.07803579943251823,0.24902954247281842,-0.7511179623254673,-0.24404674471003301,1
1.071294909536082,-0.8706001916742439,0.40947488182967173,-0.4230912564355197,-1.4233175260667117,-0.7831581327754991,-0.2372606715843087,-0.23625139891086655,-0.1975341234741575,1.1597873242514487,-0.022919205329758482,0.47154569786165534,0.285035537034768,0
0.7902506266608774,0.6247314053726635,0.7260234851968929,-1.135248155766884,0.37350765968617183,-0.13071774172877892,0.4582675797695174,0.6949383357144455,-0.21814907983636206,-0.40003214432236045,-0.5022704208695904,0.4139784927780542,-0.07698830493009043,0
1.9251070195791156,-0.5211273929587714,1.710668274750084,1.0679555590487104,-0.32753484455739146,0.0034024738976048408,-0.990823566669178,-0.3386770530132331,0.28809976937471476,-0.5079675573075332,0.23517726148553342,-0.43563666479101754,0.21634147204416532,0
-1.7754599138394866,0.6043043363718902,-1.0884751278783644,0.6328769818205877,-0.0674880989856188,0.6271343322331653,0.37616872995082096,0.12004642416964773,-0.6961776093724086,-0.3983409582530779,-0.5833376689203801,0.26901754642016384,-0.4248156938633419,1
-2.1936657483656443,-0.5563881108148053,-0.09700894148188062,0.1961256818549478,0.4866638331024062,0.31225608976072694,0.38671534634863014,0.3822708694063274,-0.007431730586574092,0.36686040887268445,0.4047045612908865,-0.6412666126071276,0.4346535744355395,1
0.48589414346224574,0.0648182226760515,-0.22415879859408067,0.15110449168597254,-1.018686059915758,1.0561704568155013,0.20475896056765164,0.2665019338394955,-0.2502409833659845,-0.5393728893761305,-0.7565231887742608,0.38228046260336157,-0.7679026589664096,1
-2.837801066648143,2.0521111703780837,-0.4599542277652253,2.518942791500728,0.719191635838845,-0.10925217823795441,-0.28447474176425536,0.07959357833580472,0.3257370789247366,0.3496509980285061,-0.13615001773570565,-0.7127904773199644,0.22524014171297219,1
0.7002309028086555,-1.5109991539002727,-0.985217817377796,0.18195453400190362,0.5138997999891863,-0.5879682647282344,0.3719151720774577,-0.08135408473008066,0.46632268457708514,-0.1326427060564143,-0.015674119480061158,0.8129295873199679,-0.08688483046984184,0
-2.9792026575447457,-2.1129305079695677,1.326035937270197,1.9184301493612381,0.6153369734514598,-0.4027462137366924,-0.11373989950671876,-0.8095326420728741,-1.0500770356066966,-0.41120016448651775,0.15690382014834006,-0.2038547266163242,-0.19478708736660075,1
-0.48020928007006713,1.2564208062094868,0.05246210920746135,-0.0790897779652431,1.0801069970712502,0.3699792654894791,0.4108341152218288,0.727092898788592,0.23077334004016614,0.4035591252138543,0.5461372426838321,0.5740138102614982,0.2730119420320695,1
1.4895431017890617,0.3210046983664413,0.3789406410392393,0.40608657290957884,-0.0431432172852067,-0.23105481324339916,-0.7090562850300288,0.6203998069303033,0.41251618294086034,0.9059954624070782,0.3295437029283862,-0.1437355051648277,-0.43388365507546267,0
-3.423650592541012,1.4395421824393664,2.8348556951405994,1.4609393584127777,-0.8563108280005387,-0.2217842036653414,-0.49079283488945774,-0.09465587003094444,-0.5624119682765174,-0.6916528556814772,-0.15639895544806995,-0.08220560120010756,-0.974407172466636,1
-1.1398438892184088,-1.8926131276646971,-0.7766230223026346,0.938439653595785,0.21390870249295857,0.2826216893773701,0.4284315338067922,-0.4484315739637553,0.20957076018126342,0.0007369973839458643,0.6841205314802016,-0.0028718702638785842,0.016491540505987445,1
2.1437042768641468,-0.1782198718554229,0.08134744507363262,0.00036960809310759846,-0.08297605044562012,0.024426783852872114,-0.17096294515815325,-0.4105488236331584,-0.5234439409385425,0.6093777032523892,0.09607727020274151,0.18982631717563136,-0.003566444068807073,0
0.7037051411296438,0.0820823311147224,-0.16527553789111293,-1.2047133718364202,0.6170356108805747,0.5342506543557561,-0.8906270953372672,-0.4854457648236098,0.23015652093835098,-0.48581720626414304,-0.014169853384387907,-0.3474919335872821,0.189383128823623,0
0.37985921979517695,-0.07935690683341232,-0.7117598362674363,-0.13353019346317324,0.04014648742774085,-0.27573227995889504,0.9234685793491638,0.5834329840890943,0.41472108377603245,0.3167095140902876,-0.5865798583143648,-0.3052597858485593,-0.05871272927796772,0
1.5179656605570833,-1.1218273530255378,-1.4162564002809255,-0.2646060895936095,0.4012926558218412,0.20104269150666065,1.254480763194998,-0.35123782710132745,0.02627994285580537,-0.6310001324141535,0.44896991551420085,0.06938348508283876,-0.4807912334250734,0
3.5128131443004804,0.16144876518847653,1.2943226663071175,1.0830449931261714,-0.5493717306915297,0.308737644695565,-0.20380075123523694,0.6404260665937701,-0.3590159539842891,0.5772251068756257,0.2269546899819167,0.0352287444576001,-0.12008678457090197,0
1.1288988460311447,1.1355531699769008,0.41659159556138076,0.22551752805234956,-0.34278508812439346,1.187013003697329,-0.241124721245703,0.44157329974714976,0.010394183121285816,-0.5572563940785926,0.1825561260855209,0.428663644157666,0.18122229540317092,0
1.8247646757770595,-0.36421228493148816,0.13344532871048362,0.02468808155005975,-0.09412611728860476,-0.9341105368468821,-0.1509029654296597,-0.0638594783846983,0.9924335479453015,-0.08047488220827606,-0.059548397443934836,-0.048897932848948944,-0.02346491804292712,0
0.12972314953585584,0.46883541372930093,0.25081568832563006,0.17968557717738567,0.42502811554451186,-0.3675630403788648,-0.7320332005420334,0.5143955624193298,0.22717256208004472,0.9609292453175885,0.3396401843886775,-0.14125475285090233,-0.39112177398653425,0
-2.2051333340482726,-1.182262721114759,1.177792534665222,-0.8401240561747403,0.6781674361037147,0.6029373942065139,0.0058548487771147295,-0.7944421586265291,-0.5849660746787314,-0.48134710302750827,0.006307079995356041,-0.13902422300108352,-0.2366528471273229,1
-1.584151811986709,-0.6407009615224533,-1.4970995728974754,-0.4090795198749758,-0.22763623514451037,-0.44751416457981913,0.651680304418845,0.31179334381539225,-0.6311373376427865,1.2616713540516928,0.38443554367473565,-0.4808760144628222,-0.2736643789559696,1
0.5308797795868653,-2.214366756865258,0.23919060285089944,1.16870024929354,-1.3853801091770712,0.01707697873973546,0.1278302121077085,-0.39202081704005254,0.35310591352682796,0.033726663676019564,-0.12607583940697714,0.010796756893044712,-0.15186522470455927,1
0.21518310372420596,-0.2014411400482938,0.4049674240934159,1.002165395170133,1.0087712900183239,-0.6259205949277535,0.39201853105490925,0.8871746393769392,0.2887082567384094,0.11350851537328269,-0.3286545559177849,0.6138227401029104,0.05066179954013404,0
0.6568913746395795,0.5432966909333832,0.4989680326371597,-1.0034027123554643,0.05773684252799044,0.44824200741986187,-0.10221644931875107,-0.5656516242406189,-0.40348857652908476,0.34805310190733996,0.4181715099970249,0.7164906085473779,-0.372418597046975,0
-0.6536308018840562,1.9954242053986933,0.966692445600213,-0.4132437950602731,-0.8043733227712531,0.2709317429231338,0.5982538826316567,0.3092325851348873,0.3745426269580512,0.7338140638261018,-0.29132073919860646,-0.2924741521679867,0.1712643096347492,1
1.8965928089158137,0.34241862733553075,0.638281421490464,-0.5636572598947642,0.5553387031142489,0.43024112972346407,-0.06833622930795924,-0.35405757145430583,-0.38457043756912135,0.49507791252053013,-0.040914027751090376,0.650473233281151,-0.28883261133953203,0
-1.4682654786327827,0.14973190806122233,-1.1146306756313995,0.29517833363376345,0.43673063398711576,-0.4604871110978005,0.9961483980654128,-0.5392149007869182,0.38868553359077096,0.07787953306565704,-0.20347311843212465,0.4013645214903847,-0.263286171728421,1
0.44059763610776587,-0.6400379482395885,-1.0924773014346514,-0.17238440212976336,0.6566909098861256,0.25911478425786505,0.9346808132692369,0.6100155068297158,0.6134929975042075,-0.00953836329194585,-0.2696384845031381,0.2284377577556299,-0.5692008277229562,0
1.678244363164813,-0.46917354633409725,-0.8939189110036487,-0.11611707557593516,0.08648972215495485,-0.6512663539015462,0.39091988191842797,-0.24652545864220798,-0.24928402663739282,-0.3232435310153891,-0.37815390185720466,0.15456718591602692,0.2963720865004048,1
-1.7890839175046132,0.9380466137322219,0.5352775712647688,-0.12474925184029519,-1.4238756083725017,0.04701476820943351,0.3618885014210822,0.3175573415360674,-0.032534489158689284,0.38315824039565816,-0.8612701769481067,-0.16257522654922052,0.18280535876285425,1
2.523692883115997,0.05611403808016979,-0.3730855968525388,0.5663563523688945,0.16912127629224794,-0.3826687149882837,0.4137486742319548,-0.19762320368449238,0.008203048081396741,-0.3516715950767585,-0.240809847931141,0.2184268002278315,0.3454630813784507,0
1.5185309014702175,1.2243217954556664,-0.5610299370133814,0.6893263483248825,-0.4596719944877212,0.01320870328738677,-0.07439538478837526,0.3804735679177331,-0.7765419700295315,0.671789968087171,0.0254709151679055,0.10771768260500869,-0.015969952412146687,0
0.9005227355259483,0.8536340791541636,-2.2044470819459994,-0.2589178940255251,0.9892431608715507,-0.5559446451863507,0.275055886172037,-0.34935284664496874,0.09425123968278226,-0.6010265626625619,0.551515731831931,-0.17741676403827422,0.05615467507705238,0
0.10247681059959904,1.5243881918587674,0.7933281564991777,0.8620499918503749,-0.0569841419947249,0.2124242467857046,0.6897970233079235,-0.4693723422696686,0.5415406227159361,0.58469370702892,-0.3495025453488684,0.34200895996294056,-0.01860119613114747,0
0.6144181628615378,-1.2395789856596775,-1.7179411122210262,0.6125498813514917,-0.997451969605478,-0.5982256965254423,-0.8823400176495183,0.6368088095159937,0.194524821042653,0.03635335987246949,-0.28805699176265265,-0.4553403902059918,0.07708555808817924,0
-1.6587605773064433,3.9683455093152378,-4.006796702709598,2.48748143367073,0.899587668519585,-0.6629589536210325,0.7427743749980723,0.08623265376483136,0.45042695570500624,0.24929263493422152,-0.390833290742871,-0.27121878960903795,-0.09958634576540498,0
-1.1412077884549279,0.9940957826044099,0.42267140074081105,0.1784141941781491,-1.3291959228715875,0.7023380243908992,0.6207990546240286,0.3308642651593817,0.3813204334710558,0.027363982737801856,0.6596317200361045,-0.09103695255713573,0.10102952263960424,1
-2.181477192198029,-1.4386701195888434,-1.0455268246779885,-0.36284863650662147,-0.0437954985413036,-0.11785893969349115,-0.14269552480974457,0.3617875506532767,-1.301517212192143,-0.6470349702288953,0.6518021636287746,0.05220268856633303,0.0675994696101813,1
-2.7730652303681147,0.1484066232262038,-1.3730754991577732,0.09268424839271414,0.3145445612335438,-0.29076139819669156,-0.3325197729236052,0.391986876805979,-0.39342627143712616,0.42628150358406225,-0.46500126801852437,-0.025488139826719408,0.8198965668492113,1
-0.011465543660005295,0.8600672715620026,0.2727643618399297,1.344650122450838,-0.14464425997899372,0.9125308097776983,0.2698450884957718,-0.7705309207128819,0.0006150241817727276,-0.40288033025646297,0.08023389439481057,0.10161805771659582,0.004848328241615796,1
0.4764224695386331,1.1592563222164791,-0.827974778838275,0.12025855580217595,0.19907112402074803,1.3393752724640342,0.10944929561738104,0.15842142260244385,-0.11403335403576947,-0.116935749264309,-0.7385953147540024,-0.3835699630342824,0.07865734131147212,1
-0.5494590238204677,1.1163026891410301,0.018339627571995507,0.5114416535164146,0.34704453375629657,1.1064181026496431,0.07522305473029556,0.29501421858879906,0.5648772146780124,0.39725611794022164,-0.5788777368930088,-0.21802455297767798,0.2522642467271288,1
-0.41550566833044755,0.3935196732262781,-1.054376736899177,-0.6127993546091595,1.2999230958790438,-0.005982716757816808,1.232862669187691,-0.5415819468951333,-0.17776232334071515,-0.2355700953166188,0.2731262561734793,-0.35562093738939954,0.14670403964402617,0
2.0096964199099743,-1.2098809969492947,-0.564404185580002,-0.2736026452087308,0.1463592297486633,0.2991872784353463,0.4131081043211281,-0.4862534827328199,-0.5754308570535178,0.5955814933139215,-0.4588793615926514,0.06743898825189576,-0.8182962844552238,0
-0.8127952195346453,1.4786383695920187,-1.3972653121585374,-1.131116804990201,0.951747652898574,1.4048684274151408,-0.18152174850935338,0.282346210706672,-0.2567596837731376,-0.4614061639523168,-0.13729984490368996,0.4771045514242297,0.2574726169334024,1
0.6924638543677101,-0.8582576239042456,-0.30644001658830644,0.10150083264970117,1.202421856632148,-0.9070737366057452,-0.23580778312545847,-0.10474640931177659,0.8459130194549693,-0.04185078131419198,1.586815626740401e-05,-0.026471444845748315,-0.042123209812903864,0
-0.3457711163077506,-1.1995801049922536,-1.8066106996807132,-0.28959732650551606,0.19818274551679624,-0.22932600063319486,-0.925616441974108,0.5889488558048616,0.2396562444653253,0.05573596787362442,-0.24419980362402147,-0.41499054009694325,0.07205781705038816,0
1.7165639165005673,0.5963841555075191,-0.054499174231734115,0.04730949508077362,0.32495242614562203,-0.20221883318627915,0.3800364073018182,-0.24336999934241027,-0.013489590381918631,-0.43733502647005007,-0.7541959702355508,0.7881364834779844,-0.07981744796870097,0
0.7003028468613511,-0.06039345061050186,0.38270079149552544,-0.6672023563802297,-0.07842505673338312,1.3543183702685666,0.2264901005747717,-0.6508901707662377,0.19064892511750808,-0.46927599374110507,-0.0591287916309054,0.027443067362214912,-0.16022509119479805,0
1.3082290862402999,0.5296297550932745,0.6365888865817122,-0.6056356890027333,0.13899817861448446,-0.35652605616344335,0.3927994468279107,-0.29055026939205886,-0.002118918731722458,-0.3136702137985275,-0.2064562307351789,0.17858982905366344,0.4032985173442487,0
0.5665717568622941,1.1435607502030272,-0.6090679208875545,-0.24266996412205905,-0.3511196416014466,0.059799768364980355,-0.15877852274088894,0.4187060844433831,-0.458415629471567,-0.03939841711415881,0.9850991874686081,0.5120185287862816,-1.1404792986991943,0
1.407000013624687,0.012597740680202613,-0.4206927147383697,1.2771546407783803,-1.7444127948434185,0.6800578944691673,0.2857837664377866,0.28069129292272743,-0.2601153889767456,-0.44262542729350296,-0.2291287628931857,-0.17750554032691146,-0.2795294548429748,1
1.5977327251875877,-1.67233150434677,-0.13709672310985233,-0.860164229949294,-0.40095973912234806,-0.7032648910224296,-0.7763155303422108,-0.22219759678649764,0.2963213517685401,0.8665917686915391,0.1351170434720781,-0.14383374999252407,-0.4908987063419188,0
-3.212016048809777,0.1330579830736702,0.5521909638238472,-0.3319162236648614,0.1589847228699639,-0.8117949152343991,1.2138224016313837,-0.5573720431561492,0.1963718002518542,0.05142348534675892,0.6699233146706886,0.17272766705587084,-0.07353544548771884,1
-0.6938962467046551,-0.5922719046490584,-0.05379870763969087,-0.8751570761002246,-1.7743220141947573,0.3924604344520185,0.2046655635044069,0.16719542122120967,-0.5855133189199987,-0.3817526672511208,-0.376703136748337,-0.3198893402634668,-0.3284754051165398,0
-0.9427489666088438,1.2920705288640761,1.1235052296268182,-1.0562258922964989,-1.4445480439929599,0.04347338718734395,-0.72681533215581,-0.5246378655664382,0.8646745065456114,-0.23578993985328275,0.3098154017144129,0.2743302224862445,0.05084871814975757,1
-1.1718854470783797,2.3732411861665166,-1.3514485269783554,0.9538216180170368,-0.008535953564623056,0.003498916706441979,-0.6944330412807329,0.3229821559325762,0.4538154365834761,0.1288591970626126,-0.014954318968329314,-0.17530707159451125,0.4482675060581319,0
-1.6340068073522582,-0.4680676670823768,0.7264598585164385,-0.5718116561758824,0.2825022430698482,0.23583303152200663,-0.6832345522702303,0.5590293218143211,0.05130591447057914,0.3531832521522571,-0.430520307352106,0.3285885279244195,0.7131256333389963,1
-2.420501495459825,-0.535592871965635,-0.36137172336914797,-0.4395467929500714,-1.9620563185690154,-0.31096713303540147,0.5772014461075076,-0.6622850900211925,-0.0742304349634274,0.0658680762001422,0.4532577292590769,-0.09635422727458565,0.14506029155281225,1
0.8736800679848318,-0.7716886310304792,-0.9195513409802565,-0.2680313489408025,-0.09386358971085657,0.6780794310728027,0.3028134102337926,-0.5198250610230711,-0.3180729186320945,-0.23478035978271306,-0.9155752059434273,-0.13387168984495545,-0.038068965835203195,0
-1.6061556708592069,-2.016692449813149,0.21201388956433226,-0.48194097171841643,-0.6591819062048265,-0.14918821930282666,-0.22207000870588156,0.7172902883929554,-0.19673329576030635,-0.05016021218083655,0.7657236728186663,0.4379363782180622,0.41574102302964977,1
0.6223878157566566,0.6216202899934662,-0.215030713604701,1.644082900766295,0.08706005300134326,-0.9863017103910461,0.7184859510017775,-0.3009462568558517,-0.3822812357085473,-0.3413158024139052,0.6193625526258784,0.10101484630224028,0.6167769837908526,0
1.2542802750103867,0.8005200306543251,0.13563657155799724,-0.3661589219831817,0.3691865287354728,-0.14137124473094975,0.5180342854238612,0.725766036831092,-0.23805731577442135,-0.37462707898195957,-0.6620404061647711,0.43309484158801514,0.0102865300034308,0
0.748308455876216,0.23100635516438273,-0.43697888384966327,0.747027550474952,-0.4027593424746211,0.8004258452076825,0.23100092877138134,0.45627583807511984,0.4887643147458701,0.34915069491066686,-0.4078978178738183,-0.4266378147007518,0.30027811102013674,1
-1.5418641861173958,1.7898824869835412,-1.5547971891579966,2.012305564405604,-0.3678540932018589,0.3944817620816147,-0.30175932980275466,0.0666646633676985,0.5932034666590716,-0.05478337282648446,-0.2204299816286411,-0.036855987376443355,-0.5500191662896967,1
1.2780854268467596,0.8156776530617194,1.2788997090748262,0.755017699770755,-0.3746448189170545,0.13324740187109796,-0.21878960382485757,0.4992490637329924,-0.3145683220128854,0.08142940155993825,-0.2867813424370226,0.12360822243135933,0.1632966398637344,0
-2.5596849688286474,0.9014259048851561,2.380776991731942,1.3638182166325357,0.4492773203079014,-0.43344533650926764,0.2961768495967334,0.07203672232826974,-1.0057223225966807,0.23140198404208392,-0.0070264309770382005,-0.5942497907773369,0.022264186517863493,0
-0.3063833166017048,2.1840294388029844,0.17639663471206396,-0.4451756430629744,-0.5571247469572534,0.2896269886505778,-0.7667812055751828,0.24132309322097878,-0.040789652510976826,-0.3966395703785628,-0.032740505083334676,-0.45985672183571097,0.2729257745587871,1
0.9521646022690593,0.8259093545453708,0.8713796154786964,-1.4286393476782109,0.9948477610976602,0.41806368736400923,-0.8772692998442757,-0.5845079087887555,0.07480586685718513,0.4139140511441183,0.09337930836406752,0.022026901115099418,-0.5461878977414958,0
2.1926351132909305,0.20461192269392067,0.54804082901855,1.084486669687882,0.6804997653528859,0.07019780943706189,0.9772182994770316,-0.3314977822012981,-0.03279316569229854,-0.4731234687651441,-0.5215047788561948,0.14306642378620804,-0.38962654243112205,0
-1.414100645749465,0.6488267689308018,0.3264272661003965,-1.7520167160716997,-1.0093679222844238,-0.31806428163468164,-0.0919399548572255,-0.49750748702445957,-0.1899877626883903,0.9746010287681123,0.1125742396396755,1.0248443665696416,0.06533140859983591,1
0.33569902043217303,3.2299703651810474,2.356842331860402,-0.17991250285960458,-0.8198523914352485,0.77207111267515,0.7884775333496418,0.13337289526146756,-0.2785709020501369,0.7247103145546447,0.8780761468558974,-0.468872281960158,-0.045140595272985196,1
-1.5351461969826274,0.397597132448389,0.22556229871799982,-0.3613167731403454,1.1095879992652722,-0.22621594383200494,0.8627557708423444,0.4790163889469664,0.3322268343544377,0.422172548756527,-0.5499420053359491,-0.3146608766439969,0.11776873295574003,1
1.556892094950259,-0.20661021419625494,0.525115067276788,-0.7241948039216867,0.1593491165743898,-0.4194319285347249,0.3468515924342298,-0.23108290497861594,-0.044961555019040894,-0.33006074798951657,-0.24801720159160198,0.1321965302630092,0.327689739274556,0
-2.4157203476265323,-0.7848484849585238,0.20750695720838896,2.238057159689769,-0.28891319783707836,-0.3124632168443659,0.1505816077093397,-0.6599125828049629,-0.0026771609339527602,0.2116749353129284,-0.08344851356240254,0.08742931155149292,0.16221444387013856,1
0.47273436338192015,-0.38819090990164296,-0.10076281518662313,0.3696119375327006,-1.6184198656332456,0.613522925229268,0.373712596977399,0.5097217957496386,0.35690111062979235,-0.063119056127167,-0.4676666367823764,0.36906150737183285,-0.5160839617198947,1
-2.1699231207750493,-0.018858862408675375,-0.7713642141351751,-0.12283454879073534,-0.42166318137193914,-0.9026546925419382,-0.7375178008264517,-0.4610783836565004,0.05424430505816624,0.05850130847805171,-0.506236582277823,0.1138159946294438,0.16797608023587002,1
-1.2716731699995705,-0.9418638338235623,-0.6817016613127616,-1.305321432734081,0.8880687264651713,-1.1624298910584627,-0.2722359761603878,0.6820207034420099,0.3111870755009839,0.042821723003679896,-0.2395913808447975,-0.28780736232999293,-0.20183562525272425,0
-1.1410604232894856,-0.4920316963206274,-2.4485179400391823,-0.264866920607162,0.4600365908023426,0.6630487838225323,-0.4169800492703029,0.45622229550821947,0.07447130809550764,-0.005264499082217822,-0.42240892251320605,0.7078389260095065,0.00043651206742342796,1
-1.3588316002001848,0.905998705566779,0.5397097723223446,-2.008482243733363,-0.3845154641793457,-0.09790803046253022,0.4144218725371466,0.662701405856949,-0.03430752042907029,0.42715022008575365,0.3022902417303286,0.3968989821780019,0.22474098695907024,0
0.6022887590576684,-0.0184868093721183,0.21405896721781054,0.1443082508570616,-1.264084277900497,0.15217830544132493,-0.8080813964919393,0.5952973495598645,0.7325197857708708,-0.2822803492919421,0.22577798851456116,0.0938793680441869,-0.24841276240778476,0
1.083924220268306,-0.0053624653262829,-0.17998624098961108,0.29823892936764196,0.5077750929621865,-0.4373695945574305,-0.7368993296983373,-0.5316559362294255,-0.35716246102150273,0.4394055094062602,0.31439254287309804,-0.16495856288770977,-0.4194979073407238,0
-0.8227626485481472,1.1665514633906855,0.3010151296763219,-1.0993833819353986,-1.1354615471691822,-0.46826747351312287,0.011618381354887908,0.3183533137369766,-0.8374095718368033,0.16526755905165622,-0.30198668528874173,-0.09942589815141423,0.34301634669504,1
1.2928490675377105,-0.04354391415797035,-1.0504011753275546,0.0004918123288230325,-0.03945560995454189,0.31312357490169307,-0.8720990199884637,0.472899295449713,-0.07235758116871788,-0.47501759430330537,-0.14765627570940723,-0.5163120575124839,0.025060784676350673,0
-1.2322483038489422,2.8328573287959977,0.6672073663674849,-0.6697924618190233,-1.147154914451843,0.2551827848626731,-0.6446652792568839,-0.8316692411339235,0.16020948838385574,-0.6775382912937187,0.3289571628471213,0.21313677495801508,0.07476838224131221,0
1.0082117810320503,-0.2559700955258317,2.1490270369503177,-1.6850718113006404,0.49455982444235475,0.2830328160233425,1.2107176651967961,-0.25331306846233437,0.23395360773802254,-0.43218015519296193,0.2200619654159627,-0.09864642721960681,-0.24892554719944376,0
-0.7695361550429372,1.368370173149623,-0.8768940606159066,-0.7632053173580197,-0.1061980662970104,-0.7973111104597379,0.4810151508183603,-0.7674207855700812,0.00670994624080698,-0.3274316290391139,-0.4364781237145009,-0.6566261482005302,-0.3439870349992702,0
1.8547794973463019,-0.980395135740296,-0.343922767311692,0.19658328141138567,-0.39201501275427497,0.7430896471004118,0.15769911022220373,-0.5219154233615462,-0.0703531002002845,-0.19321973015997043,-0.45207975063981853,-0.5280593461323249,0.19317995140467564,0
0.04494811455388675,0.7554232213076832,-0.4227292380045181,0.7671311773684533,-1.8266557012050744,0.5874189793264557,0.3793965823706672,0.34484731983700223,0.36915902099338493,0.11536297263892972,-0.3766483442199904,0.002826264153944269,-0.0014711681228691265,1
-1.8562772975861852,-0.9187666622989599,-0.16074711710179657,1.0384846865355952,0.22867349105361173,0.5431114687803698,-0.04325787867417652,0.28425437466065595,0.16328686586776958,0.14061996922832884,-0.3434501737721424,0.12302961719298788,-0.31130524457878594,1
-0.6418146135934255,-0.9960329587955554,0.6863589957628117,-0.2550716086969085,-1.3881015211277792,0.42673770993331117,0.1581559361428192,0.41078517606263054,0.2780683829139792,0.08304663022267078,-0.1912467975395967,-0.13167889252854814,-0.2149228207771176,1
0.8377349126554554,0.622712754572017,-0.3412616135464945,-0.5246829286619193,-0.04792004886390361,-0.06863654410456099,-0.11124360539769351,-0.5662768667874322,-0.6890980389385115,0.665887342524179,0.03424139477844826,0.22049740440888438,0.07925990606722749,0
-0.9751763721092526,0.5156844752482843,0.6280407852541073,-0.28149186720968306,0.00841587987492265,0.23637162264528422,-0.8219205597505138,-0.46363050023020147,0.8771240562738156,-0.23982851499359056,0.4262430400150843,0.3256236201343291,-0.004919029147871831,1
2.538618859352166,-0.2910623313733214,0.21598835944592826,0.32266662522903156,-0.29241139757070234,-0.905921151810077,-0.16876203220640218,-0.2066784629806614,0.2905375263133154,-0.5727917062687079,-0.07978895222581728,-0.23855905445341907,-0.1441842279912529,0
0.657882706040878,-1.211627626142415,1.052134565587245,2.8782388820409595,0.7982990408958525,0.12538622325019266,0.37552025378047527,-0.33974096515345675,0.5903709653071543,0.36264601347435865,0.36569600606278985,0.33875616880198534,-0.3233556163033506,1
1.0412990199240764,-0.6079256067337064,0.9913685376631305,1.1629349809668899,0.26354510477301346,-0.7539447286181684,0.264397755125122,0.8973238832844083,0.4093940076045274,0.19401557104247183,-0.09451293865057375,0.1375068947217164,0.3354421839575865,0
-1.4432382785371478,1.4495365565033693,1.977775329060869,-0.8392532220545725,-0.23228392149522026,0.937860573976169,-0.32084383957434925,-0.6766620860373169,1.2079433753983448,-0.2372703007469845,-0.2105091540063513,0.4065770369501496,-0.7737784025413267,1
1.2910913696725383,-0.4481439272874568,-0.7436789630164421,-0.4052570380316195,0.09963595247429646,0.6120841287293985,-0.022286241880430047,-0.3250398308021799,-0.2290732078041664,-0.373043854732811,0.5176000013326062,-0.10562439208253788,0.7354492576531781,1
0.17992346376077595,-0.9666650446544207,0.4648499926591627,0.18328995931177386,1.0257369331225832,0.4109832050975164,0.3415707379351621,0.5719300920585059,0.35473350453041996,0.6737272348812372,-0.21803715990194403,-0.36197211233369353,-0.10307442152523905,0
2.4163632763867033,-0.5744343049751589,-0.4233515479879438,-0.18809169429640474,0.4817110044687156,-0.10274015397134423,-0.7374165345943313,-0.4001237026324134,-0.15106852602344423,0.3702681429285144,0.2464226274256757,-0.17276512443883724,-0.5298963917865898,0
0.6001556553293486,0.13993142387164298,0.07489623318499922,0.038507293888978944,-1.2968375797048666,0.18986634853095408,-0.7873239745770946,0.5821741439230471,0.7407806553483618,-0.28219514509890153,0.2059266649825737,0.1059999343163418,-0.2410045768369965,0
-1.8412350555589316,0.15234616721341157,-1.0324588081330424,0.14863639190845454,0.26841860498748077,-0.4288150077658304,-1.0134746408384312,-0.5724114431488014,0.3499567329245947,0.11854387457277266,-0.33904383996842424,-0.04456731457796695,0.26461354516443103,0
0.7222837616658103,1.4379690107827463,0.07332051835143093,-0.2963324316220598,0.2803508520135759,1.0521012163382704,-0.2821705525581995,0.41586991514033267,-0.1361353556608254,-0.23460914370082894,-0.13722106241584867,-0.04727914208340056,0.6416636428695232,0
2.0846339356065853,0.246496501838399,-0.7573448842685718,0.7351284286486238,-0.22367935282063572,-0.43170729310686157,-0.0761521967147395,0.6349290883631756,0.21541938738165994,-0.8449595702364597,0.12926173732215587,0.1782987853615382,-0.7020390426829103,0
1.4540711451325417,0.46506230743847343,-1.1647555780880505,-0.18579590920110922,0.7500517803270333,-0.4370080268197228,-0.13294680656019803,0.6046545673405964,0.08730730551842397,-0.521508866122509,-0.19349163901072217,-0.2922019281742098,-0.2580895334093075,0
3.1691013638106407,-0.9901815490275854,-0.5803219638880766,0.3162580209246679,0.6070714707700254,-0.5694307400135874,-0.20407177388042563,-0.11628109515291007,0.38865814709926005,-0.6113357591928192,-0.09429179227853837,-0.19914409935650973,-0.24287200418073787,0
-1.8784189926206818,-1.3522836842019101,-1.1665056524977309,0.6493735333635948,-1.0644000314668403,-0.1778983597573991,0.052277755080672006,-0.695247574867937,-0.03357468883042475,0.13780432669072948,-0.5741801882857672,0.20383289999552479,-0.2079692362993559,1
-0.24250948352782642,-0.11887939901775232,-1.0425161162751353,0.5234476491055706,1.4350261046477741,0.7461772180054713,-0.9903450787030831,-0.42105350823631216,0.9932348054177789,-0.27666352122555593,0.12718021744813882,0.5832822246309673,-0.25295113406411374,1
2.9945250242432504,-0.25339804519037756,0.6545301324741014,1.093145229953815,0.1347528601006011,-0.21763310950056292,-0.7526507670376104,-0.3587391410386004,-0.026196661785706232,0.3640933234936772,0.43041162181351156,-0.16454041866089741,-0.4566099665104876,0
1.2941040975844547,-1.1862048158075433,-0.4833636861136964,-0.3701878393931516,-0.4222977270854338,0.19796033706229843,-0.38735382807361496,-0.36805649842976845,-0.3779605102999246,-0.2775643062255023,-0.31023563658571873,-0.08738087264510414,0.558271347322511,0
0.020771569446968258,2.100539981023493,0.25239824395974236,-1.2291580335675603,0.6860516980997371,-0.3513152598618429,0.2603557050644323,-0.4306377015613253,0.3405757970719393,-0.5732391939314576,0.7601282027243629,-0.19983799315437428,0.2031551527628047,0
-0.22800370491184152,-1.8236575885941206,-1.3467909701069916,-1.091454573846871,-1.0730469081795961,0.19177263045459325,-0.023088190237770978,0.7167681669790812,-0.02807076538899747,-0.14444862661693625,0.5285429313534428,0.24206364319039625,0.14562475714369602,1
-0.31040282963141685,-0.8764457389151132,-1.1631925224271034,-1.528560481624139,0.2089833508944074,0.8994701736915311,-0.03731060183227519,0.5023868222832785,-0.49386183988509924,-0.621771131695868,0.6440285788739649,0.17530694277313902,0.09187188101162674,1
1.1833284887406623,0.19738865174541803,0.727418326901903,-0.7359186433409968,0.19224254344590058,-0.5370093826099323,-0.18413128876525803,0.8261375121311695,0.954928973258995,-0.05223306592386687,-0.053690302609257126,-0.20409799733588863,-0.13513967593728382,0
-3.1221363866341436,1.0589194021655515,1.0961956110793194,1.3580546899734987,-1.2593152130499494,-1.0724838285236062,-0.8390280168382827,-0.7157217984896028,0.25378045655888853,-0.11511355724380021,0.47559525122624,0.23766469392159145,0.1999896659407746,1
0.7195427390747595,-1.8880626704852002,0.3221999138997801,-0.914659397943187,-0.025438561873714682,-0.894959492297677,0.20260058748417253,0.760302875217988,-0.6247707980816408,-0.25578866859745486,-0.577560523544833,-0.23152843939691628,0.11412413706867333,1
-1.1776615246203388,0.318275056488848,-1.7064956126630253,-1.803653862790547,0.4519933739204885,-0.02147474575527719,-0.3261655385478214,0.25215461862760946,-0.7297843610084547,0.12086515345919902,1.0383758424297385,0.0479381879079927,-0.9070335791060213,0
0.7015777616145112,0.8955470709401387,1.4986272607275983,-1.2377597024197964,-0.2528444687223178,-0.7249412951496483,0.15588178501577987,-0.2995216296070946,0.30807475095027437,-0.604508927026265,0.7642556818340932,-0.3612225112981753,0.10905823295492215,0
-1.9043230661543438,-1.074599797429231,-0.766573234330556,1.3998873194198003,-0.0787068015736005,-0.158430521611842,-0.5529764175073004,0.4535925635875885,-0.18672945738968103,0.0506099684082037,-0.2124426587643565,0.5882235865637316,0.0657218867202892,1
-1.7590081359781362,-0.6383704662182025,-0.7965918863625623,0.2952902580107096,-0.9703386792642252,0.06516264516952841,0.26740794325472883,0.13767661738939407,-1.1566659176739722,-0.5609062516359615,-0.5700508249137927,0.11494991749728967,-0.6814303242498719,1
0.5670370655664733,-0.5809687152621243,-0.4297138544525302,0.5623349107990611,-0.6082353590255677,0.47276360853287036,0.13649730020256345,0.2935527307094066,-0.48461177210792883,-0.11342995778419535,-0.5093932647172673,-0.7129067616438138,0.11640239737744701,1
1.0733258391004192,0.8273607295195186,-0.21219353850716022,-0.028418595981515637,-0.4302180300492058,-0.4894374351229126,-0.5988949582937985,-0.41118110345063613,0.438047069633524,0.9148070155975218,0.2623276517181438,0.04181866045690785,-0.2386145122645839,0
1.7808602903307333,0.5577052806736501,-0.7755996957038026,0.6911651863488066,-0.5563027494006638,-0.27269975642479466,-0.07284677690729446,-0.5163223678235003,-0.71018040434577,0.6464247973514249,0.022661614534433605,0.2369162002532907,0.07949609973201144,0
2.0537746181359147,-0.6423320184674095,-0.6315331821880559,0.19996445029710644,-0.4309376355677602,-0.304040531345865,-0.16547536845809063,-0.41822103005929473,-0.7396386664335111,0.6195936208151379,-0.021185455971726885,0.15130575179117384,-0.044015096669869025,0
1.708175491326703,0.9769702942051411,-0.6854752222379342,0.7797515393610314,-0.7103435916651308,-0.6246096473535794,-0.5891800836680642,-0.5823993426270653,-0.3740672230614616,0.43616832309202724,0.20872315511861786,-0.1288169143266747,-0.34319743900311933,0
1.0891489712563838,0.6642271480756787,-0.3309912560631786,0.07371277779336219,-0.44442782240533396,0.10155765528457916,-0.8075529745933171,-0.5225575095946402,0.11542740178287464,-0.4713309058332321,-0.03105820889041082,-0.33724434196446496,0.27173444992932255,0
-1.051042665801129,-0.4122028380673035,0.45992758185918226,0.21075750081941694,1.0395536531382314,-0.29563834668589145,-0.2917733858804527,-0.35475273617083236,0.17208583910429953,0.6162862235766408,-0.24583212015268216,0.44360764044365897,0.3724717728242981,1
-0.30331188157170785,-1.448246358352692,-0.6510697726638093,-2.2115104032966517,-0.30657886683660596,-1.5083342924459637,-0.1369021155586439,-0.30206680502867794,-0.42141987792768704,-0.594977832359695,-0.653865733874524,-0.006095303089481974,-0.575880434829308,0
-2.251866026883267,-1.6661036251991532,-1.5952254534006765,-1.582223311225158,-0.6951284450290561,-0.7589932484918632,-0.3827402514870156,-0.4575282970657212,-0.4197450445877673,0.3358742247798797,-0.5532988807336595,-0.021587237743479676,0.6879016024981515,1
0.9066508405889352,-0.7406888895191963,-1.370189298918126,-0.5361024788566755,0.5814166307906696,1.0616672586676588,0.4932251115933043,-0.530553039287846,-0.13780501039433896,-0.26036199402869203,0.26480487280341414,-0.572249337482609,0.3184977225384447,1
-0.28843101670598836,-1.2018556807956076,-1.5961374686032257,0.5667909247343631,-1.0926632427411964,-0.04558953964979395,0.018546345843786338,0.6639021043378487,-0.10485640212622008,-0.11412410907164472,0.6301071747363364,0.31355013250517183,0.25042313267066,1
0.7601191223011033,-0.4370001678696218,0.4227273709338819,0.18353179056414262,0.41818562943305443,1.0220105840705613,-0.03910294750662213,-0.6392822028825528,0.028557108663727432,-0.1543152552875711,-0.5784370661933238,-0.34107687846260043,0.12295932026682926,1
0.254102182460693,-0.08120418354458178,-0.11830860098981631,-1.5693830468595569,0.21703381748991904,0.08569594299032957,-0.1102546625246878,0.4655532154149614,-0.9666525039739782,0.5706073342597012,-0.3069346763568995,0.385460593677313,-0.48069848369523016,0
-0.4876469498223396,-1.9069818350843832,-0.6605322613485636,-0.3141626080898201,0.08705189716112252,0.17856590334023115,-0.4585097369991121,-0.23331462097323336,0.19658780328780284,-0.020267305269287023,0.044458087547642515,0.8321220826436696,0.4130570866226747,0
-1.953397745954981,-1.1484940669956423,0.4036079558985484,-0.44243180926086534,-0.7804532659370187,-0.24734453526353534,0.4072365343625238,-0.5279793847716926,0.0014112131409679263,0.3431095223721712,0.3214093692052099,-0.6046722701647744,0.5357810575450489,1
-1.5390116515760084,-0.6171217225123136,-1.358097802707461,-1.1650650759779992,-1.0307398678290398,0.3831453409863991,0.6097393943424868,-0.5892025894326314,0.18930117357025,0.00894083352907446,0.3972581539014918,-0.005215652964431272,0.06218811111888595,0
0.8220219231354005,0.746526367852703,-0.908371576427854,0.37904335739060824,0.26400146696327464,-0.8446033109936377,-0.12467740061373372,0.5321012606006904,-0.0943831713814656,-0.47940908977710517,-0.17400382684309806,-0.31743009078697226,-0.188064443263376,0
1.3292762376393732,0.3196021913087945,-0.6831162145746766,1.7344324534602367,0.10322593570861416,0.35709911888184254,-0.26433835769822256,-0.2603962781447354,0.5495739513150244,0.21979989778033385,-0.04760069094370019,0.2961016241410773,0.8634746458168652,0
2.1955280136676842,-0.3044692123617795,0.1637017200465144,0.040907603623698,-0.014136198036486636,-0.7872311815812489,-0.14340222786587153,-0.03566232690305998,1.090189433164552,-0.09764658857563033,-0.04119652411825593,-0.029745802644514152,-0.029581387935368977,0
0.0432479791210196,-0.547902633289935,-1.2919894139823496,-1.3147330175285807,1.0323740549303162,0.4740623590723405,-1.0668848183888264,-0.5590894176586181,0.025112353675584648,-0.46416703350456956,-0.43069198020920463,-0.21519783318788668,-0.028676790490458043,0
-1.7848711506954136,-0.33142486142064975,0.056473985678826416,-2.2703941601840603,0.8927805667882375,-1.1353327529238537,-0.24729117715411653,-0.3472181905842776,0.5689321916441448,0.031441035239138576,-0.13313533560978366,-0.11422776817825575,0.030376792163192612,0
-0.763168292355701,1.3546131398426409,0.4552885030344151,-1.8396226397905469,0.05527152332678148,0.1445034190995309,-0.14748566653385392,0.24176109838150472,-0.8705130136283252,0.731759929962982,0.0034431608493023236,0.028304414505122166,-0.00145742940575741,0
0.2808084246770586,0.10835394450845025,-0.678423148048721,-0.4899149172566296,-0.04912552999093045,0.07812282951082183,0.385376782192422,-0.77740806220685,-0.7179385991862924,0.7915760634160384,-0.23470736312080095,-0.3024600039063195,-0.33706449708911607,1
1.2827689578046106,-0.43031441919845936,-0.6023940172349193,0.04848945056710871,-0.3266587638522942,-1.1664651384048463,0.189235917108323,-0.047417386258971794,0.7611057950229536,-0.14572635168070835,0.6097771341617465,-0.17651669257545166,0.10112273485260659,0
0.10979635142703495,1.7570693140748126,-0.8059629619689824,-0.30571285682202076,-0.11450524864129424,-0.18320750390343377,-0.6432326185383872,0.24524856263997574,-0.5985748949661955,0.38830481014281026,-0.39600770800878693,0.2949648135516528,-0.9158470873723362,1
0.18165867114943562,1.170664569781514,0.9545695644432102,-0.5101566252351268,0.5729068597809956,-0.14758708234990653,-0.5763099980973312,-0.5305017828234145,0.10657176723276723,-0.12053585145128817,0.2147751501425619,-0.1877762238669402,0.030528994268374673,0
2.0769894740331916,-0.12466724803302967,0.026428473569220186,0.021195209945693932,0.036859374109498716,-0.4721123932144915,0.382855922310693,-0.21332058821972644,-0.04859183760400035,-0.3399421348918201,-0.25752644182781304,0.1673036606324455,0.3344543371564872,0
-2.0654029531425797,-1.921490088273029,1.1308900447679542,0.0342611657280644,0.5406818425988948,0.12789493634142102,-0.24792535715364517,0.6759703664629292,-0.0013338981741791989,-0.06871956783657512,1.0143891375479057,0.23420765609528554,0.2695437804832,1
-0.7141970606327319,-0.24817813965016147,-0.5044384728833364,1.5791660153018703,-1.568438741609441,-0.5304202300514814,-0.3056165736932663,-0.38781042303032587,-0.007582052504384096,0.0408266919925693,0.07501418450575836,0.8703980165495354,0.6348393798590658,1
0.330532342919794,-0.7869518727646323,0.3912302609928194,-0.07034339149516118,-0.1614341678355688,0.5390649507956389,-0.22515524873311454,-0.18922927965576614,0.5261374082511909,-0.19391366298752763,-0.04913628589946674,1.0563385179959313,-0.010349402433432395,1
-0.7776436510655842,-0.959299415026224,0.10629071844693408,-0.29578031135833727,0.8202889132398709,-1.0039656809224449,0.6317914593291253,0.02716249865444753,0.11540703448398498,0.06562330979030051,0.33380253051700004,0.8241839937634893,0.4541126041978737,1
1.6564924670120191,0.5960562374755258,1.5056453481588103,0.43050140286495275,-1.0973309977859067,0.7911848130338219,0.2110290496724384,-0.5979893780486341,0.15139693347717598,-0.1718241196859392,-0.2525134776133695,-0.5006929480142386,0.3775003999784607,1
1.7585855606812288,-0.8071445193745883,0.7181023262759267,-0.5151733152104031,-0.563936917279012,-0.8023537064686663,0.31845791779321975,-0.19420000373984564,-0.18614157697111247,-0.33258492907673665,-0.30586480402512806,0.045797388093189284,0.28586155316947526,0
-1.2433381814478646,-0.6824707299473906,0.6240476940883583,-0.31352751387169964,0.036082143475736295,0.8734653742389247,0.4018237201468102,0.26705460298912354,-0.4053752576749239,-0.46337231976101645,0.6883984032162486,-0.3534075694495263,-0.1735920448537025,1
-1.8607044225916785,0.3356632488467964,1.314194771585718,-0.49423620021294223,0.2934536848160051,0.16931493831578437,-0.5376206248346975,0.3592770467018702,-0.7045840428181221,-0.09670070907600711,-0.0730419567979679,0.019504161507101048,0.8434015339562286,0
-1.2652399454494805,-0.21301573032401314,-0.4127251778101021,1.3770804943529666,-1.4915657875484198,-0.0340060930637075,0.1239267517520507,-0.7058929648944006,0.1969921905732374,0.12783910909852328,-0.4406759313728392,0.27135836005069014,-0.09133974253964844,1
-1.0096464020757596,-1.9300974898833865,-0.31723812153261643,-1.706453981117847,1.299745179015701,0.019213225317947114,-1.052296467201788,-0.29977437471432544,0.5607528247189414,0.03501510508965597,-0.044846545965460546,-0.30384262498581455,0.16861160753116988,0
0.45086086911106493,0.007652725942536159,0.6588812544550625,-0.7456546345979931,0.7639685182690283,0.26460844767113156,-0.257482208242261,-0.4501260354689484,-0.236470188240483,0.07242266761032037,-0.3235592030383174,0.2786238219279157,0.21652370610316674,1
-0.9485949012420669,1.200759982454497,1.5705141436569612,-1.0791728042194217,-0.27984170533211095,0.3719754301886443,0.4924977120645192,0.3616423844293971,0.39967581477759606,0.7269178545172329,-0.24741027565113918,-0.352455920089731,0.0999743323333166,0
-0.49654831467728866,1.5226945780687597,-0.29982456000996427,-1.2491051402244457,0.209265717869317,-0.5963248481513094,0.2509940510622384,0.6748344068090656,0.7145809644707163,-0.06841688409981334,0.6117617077582312,-0.24192997027541202,0.11711380822219986,0
1.5172622629833195,-0.12363972777077134,0.5645854068719831,-0.00965709774413645,-1.0322338703311997,-1.2999863550213013,-0.12584089390237102,-0.11291682236373607,0.8623399529021025,-0.05791254691130718,-0.10449376510891051,-0.1078224493548855,0.01874515242925584,0
0.48624696285099145,1.1544986501730645,0.9194677305832419,-1.0067160191280227,-0.2416815480789774,0.2515863612884174,0.15569223736451365,0.4318796669525039,-0.6979972840997972,0.5932401465890437,0.8637111967160859,-0.08370115403656153,0.10474939764183688,1
-0.2535668802767441,-0.8273773634636621,-0.038953551612171705,-1.0720717626536833,-0.24090156122384482,-0.22599518166331467,-0.9195195713780493,-0.33543525786240136,0.6047355706584818,0.029412193329408837,-0.08209311708341796,-0.2924232996506257,0.27229960621992655,0
-1.384702038791778,-0.3758098156103946,-1.5930506088787018,1.8706345356424279,0.5672794019584209,0.455477616500346,0.5560230707172612,-0.5695957423295896,0.260284624924385,0.031397480558405716,0.7438121066909035,0.1592972114452007,0.1650891195952659,1
1.8438817351719254,0.7347788351167285,0.20889904250529134,0.11387808323567158,0.1359730622089894,-0.3244123599053279,0.43144318134179016,-0.2738505153574365,0.040347772294444445,-0.32541615279724107,-0.19327824280788372,0.22866581447921858,0.4196237018460079,0
-0.9867615732099579,-1.4147794479795697,0.08440687336205052,0.054227768679252386,-0.19471745042168803,0.1212293124643884,-0.11776926544282562,-0.5123298531190221,0.7144945962432713,-0.24287246499323492,0.8899469224149218,-0.4061315785602783,-0.40457616885566006,1
2.813807050281431,-0.6232371644540077,0.6662359503052087,0.3362410807596228,-0.513201478841481,-0.09019266019408528,-0.20777557494397336,-0.3294382052526707,-0.4735924004691701,0.5841292952101724,0.1292937870641402,0.13787839651674072,-0.037465444932630154,0
0.1323888492871987,0.37484192542750117,0.8626370607056602,-1.2878725300953549,-0.12341173336978234,1.0618077209931347,0.49238986325557643,-0.6121426806640998,0.01430274800739606,-0.23026590410470876,0.41905580090958316,-0.6178742192296007,0.45668007274444056,1
-1.7470691015590922,-0.5605827024363573,-0.7444789823485078,2.2387098312100973,1.5182175521944228,-0.39179012901748117,-0.5659582590754355,-0.5869204708541268,-1.1307012491672443,-0.1880805511596415,-0.1252684405503654,0.2315921628538915,0.9876733139820085,1
-1.9766411787727376,0.3484389258429034,2.0073230953914467,0.3289294261588823,-0.21961864747282656,0.041061929977913136,-1.0603079555494848,0.5270268841430522,0.5215267266908555,-0.2587815388234756,-0.008533354420395961,0.882368812302963,-0.390664831550939,1
0.24130745890744432,-0.4337782027726139,-0.22525659536570086,-0.7846917750083329,0.09464891733954192,0.13957827821985458,0.35747924174080714,-0.542881028365338,0.1073525669114963,1.2500432248584759,-0.17123686270329505,-0.14643399630102394,-0.26660912571479783,0
0.9269359984028495,0.2837480123790326,0.1883363653302832,-0.708370145982346,0.15663280160841364,0.6270632122181867,0.33219507452199204,0.2383044781182283,-0.5637317066743207,0.7672782286142469,-0.1722803641006561,-0.45618445847501604,-0.49821840399702,0
1.333401291831978,0.3300231140908913,-0.2905848152448625,-0.5063599181835311,0.6328683065324993,0.23247558345051733,-0.166922452057431,-0.5125504440078352,-0.7610153159644086,0.5092378553285954,0.08731123326456593,0.22778859085644815,-0.04247134350074436,0
-0.8537930667256255,0.5097596639743337,0.9567009446529368,-1.2843729244357096,0.46267167629365696,-0.03584053883512084,0.8648269579509157,0.5099168081843678,0.5490628203590977,0.3499973976973558,-0.42918763860855513,-0.32546332597713445,0.019593733239528344,1
0.2461510408319909,1.7069113600218235,-0.7549213815563836,0.8635470624311054,0.418755724215649,-0.47347766101122046,-0.5980820935429249,-0.7134211528566803,-0.4208117684850674,0.49630023140613977,0.332335130946508,-0.04216729839545136,-0.24094646933838057,0
0.18038081345806145,-2.24255691978743,0.963865355525853,1.0309513954245801,0.19053423997974364,0.03444744856300952,-0.6180434935519209,-0.33303490443501677,-0.6836115255892611,-0.6312441311366864,0.2595896535595996,0.5782178230794541,0.24219900240376852,1
-2.0144624865472434,-1.2259252671768037,1.4644979488304088,0.6606021416197798,1.210594841430672,0.8868312428270091,-0.21214043100481428,0.16459698744420648,-0.3839885824689896,-0.33978530910030014,-0.14269642868621127,-0.09484911743962232,-0.43719909998126283,1
-0.20346672265289062,-0.7423069733711954,-0.4815255233427449,-1.5142825472198365,-0.14289793287035918,0.33071464547590346,-0.8341781142499433,-0.3589636357965533,0.8265856036703068,-0.29371248366611336,0.17180280971418516,0.25472057246457547,-0.19538800153386982,1
2.8309065325050904,-0.8193835007690777,0.9483581702926981,-0.239148959459474,0.14068981656798377,0.24831857985428818,-0.2520361896655008,-0.292127326131768,-0.32678460619049005,0.5669382999048785,0.18165140779931443,0.14909857712834412,-0.07225586151504276,0
-2.122995220560024,-0.9892114563321173,1.2581002589388177,-1.6998574836192049,-1.5475623412714987,-0.47601318321412855,-0.5735704907382986,0.5984892490438664,-0.3327780348647973,0.26111963743701994,-0.8972145605870312,0.5460943051826823,0.343590085400906,1
-0.8275868183411668,-0.2568947214802837,-0.2853745594365577,-0.7787559040107045,-1.2271010015762303,0.1452795571581159,-0.25690303178795576,-0.6471106436986986,0.7506209556499972,-0.14109044841647783,-0.06779599380864856,-0.2650621773640369,-0.48631859673488165,1
0.3885964651332142,-1.0743673960801028,-1.011667042773099,0.8189370442782721,-0.42938636066948743,-0.46265335202422475,0.483364790597521,-0.42755196120797867,0.10332187254304859,0.6796179005077624,-0.435094268113998,-0.23518562013735667,0.04666761911226808,1
-2.180828478652808,-0.8729753644326328,1.3243945110506066,-0.08672609264652373,1.2825120902427274,0.5490708104068727,-0.0517860962019262,-0.5350462968992014,0.356218296308636,0.3161448659268449,-0.65824795776482,0.18570070932510463,-0.025283940957385898,1
-0.8454721415472337,-2.4268020601524247,0.6030501695140559,-1.265181792442115,-0.5797434053993639,0.45465850514622796,0.37933828619925325,-0.37105062552508106,0.3724864899270066,-0.042904471428743846,0.5928654432567789,-0.1462697924826044,-0.08091237938373952,1
0.9853769721732537,0.7346846238968889,-0.08827240202169316,-0.715537319595083,0.40880475927414983,0.15649575143040406,-0.3554800764121368,0.6396887891468125,0.4617544537145637,0.8174809914048388,1.0395472798344256,-0.21327178941292518,-0.3076556158714013,1
2.3750905410926286,-0.3420489654881683,1.4420136119116453,-0.12547569186217314,-0.4972227470718984,-0.5501805776948329,0.3263795310342451,-0.15395052083982724,0.055075887610932794,-0.3555404446641045,-0.17173839834196916,0.08896283876911687,0.33124350638147854,0
